{
    "m": {
        "mm": 1000,
        "cm": 100,
        "m": 1,
        "in": 39.3701,
        "ft": 3.28084,
        "yd": 1.09361,
        "km": 0.001

    },
    "cm": {
        "mm": 10,
        "cm": 1,
        "m": 0.01,
        "in": 0.393701,
        "ft": 0.0328084,
        "yd": 0.0109361,
        "km": 0.00001
    },
    "in": {
        "mm": 25.4,
        "cm": 2.54,
        "m": 0.0254,
        "in": 1,
        "ft": 0.0833333,
        "yd": 0.0277778,
        "km": 0.0000254

    },
    "ft": {
        "mm": 304.8,
        "cm": 30.48,
        "m": 0.3048,
        "in": 12,
        "ft": 1,
        "yd": 0.333333,
        "km": 0.0003048
    },
    "mm": {
        "mm": 1,
        "cm": 0.1,
        "m": 0.001,
        "in": 0.0393701,
        "ft": 0.00328084,
        "yd": 0.0010936122047,
        "km": 0.000001
    },
    "yd": {
        "mm": 914.4,
        "cm": 91.44,
        "m": 0.9144,
        "in": 36,
        "ft": 0,
        "yd": 0.333333,
        "km": 0.0009144
    },
    "km": {
        "mm": 1000000,
        "cm": 100000,
        "m": 1000,
        "in": 39370.1,
        "ft": 3280.84,
        "yd": 1093.61,
        "km": 1
    }
}
