{
    "m": {
        "mm": 1000,
        "cm": 100,
        "m": 1,
        "in": 39.3701,
        "ft": 3.28084
    },
    "cm": {
        "mm": 10,
        "cm": 1,
        "m": 0.01,
        "in": 0.393701,
        "ft": 0.0328084
    },
    "in": {
        "mm": 25.4,
        "cm": 2.54,
        "m": 0.0254,
        "in": 1,
        "ft": 0.0833333
    },
    "ft": {
        "mm": 304.8,
        "cm": 30.48,
        "m": 0.3048,
        "in": 12,
        "ft": 1
    },
    "mm": {
        "mm": 1,
        "cm": 0.1,
        "m": 0.001,
        "in": 0.0393701,
        "ft": 0.00328084
    }
}
